"Domain","URL","Branch","Agency","Redirect","Participates in DAP?"
"9-11commission.gov","https://9-11commission.gov","executive","National Archives and Records Administration","No","No"
"911.gov","http://www.911.gov","executive","Department of Transportation","No","Yes"
"abandonedmines.gov","http://www.abandonedmines.gov","executive","Department of the Interior","No","No"
"abilityone.gov","http://abilityone.gov","executive","Comm for People Who Are Blind/Severly Disabled","No","No"
"abmc.gov","https://abmc.gov","executive","American Battle Monuments Commission","No","Yes"
"access-board.gov","https://www.access-board.gov","executive","U. S. Access Board","No","Yes"
"achp.gov","http://achp.gov","executive","Advisory Council on Historic Preservation","No","No"
"acl.gov","http://acl.gov","executive","Department of Health And Human Services","No","No"
"acquisition.gov","https://www.acquisition.gov","executive","General Services Administration","No","Yes"
"acus.gov","https://www.acus.gov","executive","Administrative Conference of the United States","No","No"
"acwi.gov","http://acwi.gov","executive","Department of the Interior","No","Yes"
"ada.gov","https://www.ada.gov","executive","Department of Justice","No","Yes"
"adf.gov","http://adf.gov","executive","African Development Foundation","No","No"
"adlnet.gov","https://www.adlnet.gov","executive","Department of Defense","No","No"
"admongo.gov","https://www.admongo.gov","executive","Federal Trade Commission","No","No"
"adr.gov","https://www.adr.gov","executive","Department of Justice","No","Yes"
"afadvantage.gov","https://afadvantage.gov","executive","General Services Administration","No","Yes"
"aff.gov","http://www.aff.gov","executive","Department of Agriculture","No","No"
"afrh.gov","https://www.afrh.gov","executive","Armed Forces Retirement Home","No","No"
"agingstats.gov","https://agingstats.gov","executive","Department of Health And Human Services","No","No"
"ahrq.gov","http://www.ahrq.gov","executive","Department of Health And Human Services","No","Yes"
"aids.gov","https://www.aids.gov","executive","Department of Health And Human Services","No","Yes"
"airnow.gov","https://airnow.gov","executive","Environmental Protection Agency","No","Yes"
"alaskacenters.gov","http://alaskacenters.gov","executive","Department of the Interior","No","Yes"
"altusandc.gov","http://www.altusandc.gov","executive","Department of Defense","No","Yes"
"ama.gov","https://www.ama.gov","executive","Department of the Treasury","No","No"
"america.gov","https://www.america.gov","executive","Department of State","No","No"
"americathebeautifulquarters.gov","http://www.americathebeautifulquarters.gov","executive","Department of the Treasury","No","No"
"ameslab.gov","https://www.ameslab.gov","executive","Department of Energy","No","No"
"amtrakoig.gov","https://amtrakoig.gov","executive","AMTRAK","No","No"
"anchorit.gov","http://www.anchorit.gov","executive","Consumer Product Safety Commission","No","No"
"anl.gov","http://www.anl.gov","executive","Department of Energy","No","No"
"anstaskforce.gov","http://www.anstaskforce.gov","executive","Department of the Interior","No","No"
"aoa.gov","http://aoa.gov","executive","Department of Health And Human Services","No","No"
"aoc.gov","https://www.aoc.gov","executive","Architect of the Capitol","No","No"
"apps.gov","https://apps.gov","executive","General Services Administration","No","Yes"
"arc.gov","https://arc.gov","executive","Appalachian Regional Commission","No","No"
"archives.gov","https://www.archives.gov","executive","National Archives and Records Administration","No","Yes"
"arctic.gov","https://arctic.gov","executive","National Science Foundation","No","Yes"
"arm.gov","http://www.arm.gov","executive","Department of Energy","No","No"
"ars-grin.gov","http://www.ars-grin.gov","executive","Department of Agriculture","No","No"
"arts.gov","https://www.arts.gov","executive","National Endowment for the Arts","No","No"
"asap.gov","https://www.asap.gov","executive","Department of the Treasury","No","No"
"asc.gov","https://www.asc.gov","executive","Appraisal Subcommittee","No","No"
"atf.gov","https://www.atf.gov","executive","Department of Justice","No","Yes"
"atfonline.gov","http://atfonline.gov","executive","Department of Justice","No","No"
"aviationweather.gov","http://aviationweather.gov","executive","Department of Commerce","No","No"
"banknet.gov","https://www.banknet.gov","executive","Department of the Treasury","No","No"
"bats.gov","https://www.bats.gov","executive","Department of Justice","No","No"
"bbg.gov","https://www.bbg.gov","executive","International Broadcasting Bureau","No","No"
"bea.gov","http://bea.gov","executive","Department of Commerce","No","No"
"benefits.gov","https://www.benefits.gov","executive","Department of Labor","No","Yes"
"bep.gov","http://bep.gov","executive","Department of the Treasury","No","Yes"
"bfem.gov","http://bfem.gov","executive","Department of the Treasury","No","No"
"bia.gov","http://bia.gov","executive","Department of the Interior","No","Yes"
"bioeco.gov","http://www.bioeco.gov","executive","Department of the Interior","No","No"
"bioethics.gov","http://bioethics.gov","executive","Department of Health And Human Services","No","No"
"biomassboard.gov","http://biomassboard.gov","executive","Department of Energy","No","No"
"biometrics.gov","http://biometrics.gov","executive","Department of Homeland Security","No","No"
"biopreferred.gov","https://www.biopreferred.gov","executive","Department of Agriculture","No","No"
"bja.gov","https://www.bja.gov","executive","Department of Justice","No","Yes"
"blm.gov","http://www.blm.gov","executive","Department of the Interior","No","No"
"bls.gov","http://www.bls.gov","executive","Department of Labor","No","Yes"
"bnl.gov","https://www.bnl.gov","executive","Department of Energy","No","No"
"boem.gov","http://www.boem.gov","executive","Department of the Interior","No","No"
"bondpro.gov","http://bondpro.gov","executive","Department of the Treasury","No","Yes"
"bop.gov","https://www.bop.gov","executive","Department of Justice","No","Yes"
"bosque.gov","http://bosque.gov","executive","Department of Agriculture","No","No"
"bpa.gov","https://www.bpa.gov","executive","Department of Energy","No","No"
"brac.gov","http://brac.gov","executive","Department of Defense","No","Yes"
"brc.gov","http://www.brc.gov","executive","Department of Energy","No","No"
"broadband.gov","http://www.broadband.gov","executive","Federal Communications Commission","No","No"
"broadbandmap.gov","http://broadbandmap.gov","executive","Federal Communications Commission","No","No"
"bsee.gov","https://www.bsee.gov","executive","Department of the Interior","No","No"
"buyaccessible.gov","https://buyaccessible.gov","executive","General Services Administration","No","Yes"
"buyusa.gov","http://buyusa.gov","executive","Department of Commerce","No","Yes"
"cancer.gov","https://www.cancer.gov","executive","Department of Health And Human Services","No","Yes"
"cao.gov","http://cao.gov","executive","General Services Administration","No","Yes"
"capitol.gov","http://capitol.gov","executive","Architect of the Capitol","No","No"
"capnhq.gov","https://www.capnhq.gov","executive","Civil Air Patrol","No","No"
"casl.gov","http://www.casl.gov","executive","Department of Energy","No","No"
"cbca.gov","http://cbca.gov","executive","General Services Administration","No","No"
"cbp.gov","https://www.cbp.gov","executive","Department of Commerce","No","Yes"
"ccac.gov","https://www.ccac.gov","executive","Department of the Treasury","No","No"
"cdc.gov","http://www.cdc.gov","executive","Department of Health And Human Services","No","Yes"
"cdfifund.gov","https://www.cdfifund.gov","executive","Department of the Treasury","No","No"
"cendi.gov","https://cendi.gov","executive","Department of Energy","No","No"
"census.gov","http://census.gov","executive","Department of Commerce","No","Yes"
"cep.gov","http://cep.gov","executive","Department of Commerce","No","No"
"cfa.gov","https://www.cfa.gov","executive","U.S. Commission of Fine Arts","No","No"
"cfda.gov","https://cfda.gov","executive","General Services Administration","No","Yes"
"cfo.gov","http://cfo.gov","executive","General Services Administration","No","Yes"
"cftc.gov","http://www.cftc.gov","executive","Commodity Futures Trading Commission","No","No"
"challenge.gov","https://www.challenge.gov","executive","General Services Administration","No","Yes"
"change.gov","http://change.gov","executive","Executive Office of the President","No","No"
"chcoc.gov","https://chcoc.gov","executive","Office of Personnel Management","No","No"
"childreninadversity.gov","https://www.childreninadversity.gov","executive","U.S. Agency for International Development","No","No"
"childstats.gov","http://www.childstats.gov","executive","Department of Education","No","Yes"
"childwelfare.gov","https://childwelfare.gov","executive","Department of Health And Human Services","No","No"
"choosemyplate.gov","https://www.choosemyplate.gov","executive","Department of Agriculture","No","Yes"
"christophercolumbusfoundation.gov","https://www.christophercolumbusfoundation.gov","executive","Christopher Columbus Fellowship Foundation","No","Yes"
"cia.gov","https://www.cia.gov","executive","Central Intelligence Agency","No","No"
"cio.gov","http://cio.gov","executive","General Services Administration","No","Yes"
"citizenscience.gov","https://www.citizenscience.gov","executive","General Services Administration","No","Yes"
"civilrightsusa.gov","http://civilrightsusa.gov","executive","Department of Commerce","No","No"
"cjis.gov","https://www.cjis.gov","executive","Department of Justice","No","No"
"climate.gov","https://www.climate.gov","executive","Department of Commerce","No","Yes"
"clinicaltrials.gov","https://clinicaltrials.gov","executive","Department of Health And Human Services","No","No"
"clintonlibrary.gov","https://www.clintonlibrary.gov","executive","National Archives and Records Administration","No","Yes"
"cloud.gov","https://cloud.gov","executive","General Services Administration","No","Yes"
"cms.gov","https://www.cms.gov","executive","Department of Health And Human Services","No","No"
"cmts.gov","http://www.cmts.gov","executive","Department of Defense","No","Yes"
"cncsoig.gov","http://www.cncsoig.gov","executive","Corporation for National & Community Service","No","No"
"cnss.gov","https://www.cnss.gov","executive","Department of Defense","No","Yes"
"coastalamerica.gov","http://coastalamerica.gov","executive","Department of Agriculture","No","Yes"
"code.gov","https://code.gov","executive","Executive Office of the President","No","Yes"
"collegedrinkingprevention.gov","http://collegedrinkingprevention.gov","executive","Department of Health And Human Services","No","No"
"commerce.gov","https://www.commerce.gov","executive","Department of Commerce","No","Yes"
"complaintreferralexpress.gov","https://www.complaintreferralexpress.gov","executive","Department of the Treasury","No","No"
"comptrollerofthecurrency.gov","http://comptrollerofthecurrency.gov","executive","Department of the Treasury","No","Yes"
"computersforlearning.gov","http://computersforlearning.gov","executive","General Services Administration","No","Yes"
"consumer.gov","https://www.consumer.gov","executive","Federal Trade Commission","No","Yes"
"consumerfinance.gov","http://www.consumerfinance.gov","executive","Consumer Financial Protection Bureau","No","Yes"
"consumidor.gov","https://www.consumidor.gov","executive","Federal Trade Commission","No","Yes"
"continentalshelf.gov","https://www.continentalshelf.gov","executive","Department of State","No","No"
"contractdirectory.gov","https://www.contractdirectory.gov","executive","General Services Administration","No","Yes"
"coralreef.gov","http://www.coralreef.gov","executive","Department of the Interior","No","Yes"
"cpars.gov","https://www.cpars.gov","executive","General Services Administration","No","Yes"
"cpnireporting.gov","https://www.cpnireporting.gov","executive","Department of Homeland Security","No","No"
"cpsc.gov","https://cpsc.gov","executive","Consumer Product Safety Commission","No","Yes"
"crimesolutions.gov","https://crimesolutions.gov","executive","Department of Justice","No","Yes"
"crt2014-2024review.gov","https://crt2014-2024review.gov","executive","Department of Energy","No","No"
"csb.gov","http://www.csb.gov","executive","U.S. Chemical Safety and Hazard Investigation Board","No","No"
"csosa.fed.us","http://www.csosa.fed.us","executive","Court Services and Offender Supervision","No","No"
"csosa.gov","http://www.csosa.gov","executive","Court Services and Offender Supervision","No","No"
"cttso.gov","http://cttso.gov","executive","Department of Defense","No","No"
"cuidadodesalud.gov","https://www.cuidadodesalud.gov","executive","Department of Health And Human Services","No","No"
"cupcao.gov","http://www.cupcao.gov","executive","Department of the Interior","No","No"
"cwc.gov","http://cwc.gov","executive","Department of State","No","Yes"
"data.gov","https://www.data.gov","executive","General Services Administration","No","Yes"
"dea.gov","https://www.dea.gov","executive","Department of Justice","No","Yes"
"deadiversion.gov","http://deadiversion.gov","executive","Department of Justice","No","No"
"deaecom.gov","https://www.deaecom.gov","executive","Department of Justice","No","No"
"defense.gov","http://www.defense.gov","executive","Department of Defense","No","Yes"
"denali.gov","http://denali.gov","executive","Denali Commission","No","No"
"dfafacts.gov","http://dfafacts.gov","executive","U.S. Agency for International Development","No","No"
"dhs.gov","https://www.dhs.gov","executive","Department of Homeland Security","No","Yes"
"digitalgov.gov","https://www.digitalgov.gov","executive","General Services Administration","No","Yes"
"digitalliteracy.gov","http://www.digitalliteracy.gov","executive","Department of Commerce","No","No"
"directoasucuenta.gov","https://www.directoasucuenta.gov","executive","Department of the Treasury","No","No"
"disability.gov","https://www.disability.gov","executive","Department of Labor","No","Yes"
"disasterassistance.gov","https://www.disasterassistance.gov","executive","Department of Homeland Security","No","Yes"
"disasterhousing.gov","http://disasterhousing.gov","executive","Department of Housing And Urban Development","No","No"
"distracteddriving.gov","http://www.distracteddriving.gov","executive","Department of Transportation","No","Yes"
"distraction.gov","http://www.distraction.gov","executive","Department of Transportation","No","Yes"
"dnfsb.gov","http://www.dnfsb.gov","executive","Defense Nuclear Facilities Safety Board","No","Yes"
"dni.gov","https://www.dni.gov","executive","Director of National Intelligence","No","No"
"dnsops.gov","https://dnsops.gov","executive","Department of Commerce","No","No"
"docline.gov","https://www.docline.gov","executive","Department of Health And Human Services","No","No"
"dod.gov","http://www.dod.gov","executive","Department of Defense","No","No"
"doi.gov","https://www.doi.gov","executive","Department of the Interior","No","Yes"
"doioig.gov","https://www.doioig.gov","executive","Department of the Interior","No","No"
"dol.gov","https://www.dol.gov","executive","Department of Labor","No","Yes"
"doleta.gov","https://doleta.gov","executive","Department of Labor","No","Yes"
"donaciondeorganos.gov","http://www.donaciondeorganos.gov","executive","Department of Health And Human Services","No","Yes"
"donotcall.gov","https://donotcall.gov","executive","Federal Trade Commission","No","Yes"
"dotgov.gov","https://www.dotgov.gov","executive","General Services Administration","No","Yes"
"dra.gov","http://dra.gov","executive","Delta Regional Authority","No","No"
"drought.gov","https://www.drought.gov","executive","Department of Commerce","No","Yes"
"drugabuse.gov","https://www.drugabuse.gov","executive","Department of Health And Human Services","No","Yes"
"dsac.gov","https://www.dsac.gov","executive","Department of Justice","No","No"
"eac.gov","https://www.eac.gov","executive","General Services Administration","No","Yes"
"economicinclusion.gov","https://economicinclusion.gov","executive","Federal Deposit Insurance Corporation","No","No"
"econsumer.gov","https://econsumer.gov","executive","Federal Trade Commission","No","Yes"
"ecopartnerships.gov","http://ecopartnerships.gov","executive","Department of State","No","No"
"ecpic.gov","https://www.ecpic.gov","executive","General Services Administration","No","Yes"
"ed.gov","http://ed.gov","executive","Department of Education","No","Yes"
"eda.gov","https://eda.gov","executive","Department of Commerce","No","Yes"
"edpubs.gov","https://edpubs.gov","executive","Department of Education","No","Yes"
"education.gov","http://education.gov","executive","Department of Education","No","Yes"
"eeoc.gov","https://www.eeoc.gov","executive","Equal Employment Opportunity Commission","No","No"
"eftps.gov","https://www.eftps.gov","executive","Department of the Treasury","No","No"
"eia.gov","http://www.eia.gov","executive","Department of Energy","No","No"
"eisenhowermemorial.gov","http://eisenhowermemorial.gov","executive","General Services Administration","No","Yes"
"eldercare.gov","http://www.eldercare.gov","executive","Department of Health And Human Services","No","No"
"employeeexpress.gov","https://www.employeeexpress.gov","executive","Office of Personnel Management","No","Yes"
"empowhr.gov","https://empowhr.gov","executive","Department of Agriculture","No","No"
"ems.gov","http://www.ems.gov","executive","Department of Transportation","No","Yes"
"endingthedocumentgame.gov","https://endingthedocumentgame.gov","executive","Department of Health And Human Services","No","No"
"energy.gov","http://energy.gov","executive","Department of Energy","No","Yes"
"energycodes.gov","https://www.energycodes.gov","executive","Department of Energy","No","No"
"energystar.gov","https://www.energystar.gov","executive","Environmental Protection Agency","No","Yes"
"epa.gov","https://www.epa.gov","executive","Environmental Protection Agency","No","Yes"
"epic.gov","https://www.epic.gov","executive","Department of Justice","No","No"
"esa.gov","http://esa.gov","executive","Department of Commerce","No","Yes"
"esc.gov","http://www.esc.gov","executive","Department of Transportation","No","No"
"esrs.gov","https://esrs.gov","executive","General Services Administration","No","Yes"
"eta-find.gov","https://www.eta-find.gov","executive","Department of the Treasury","No","No"
"ethicsburg.gov","http://www.ethicsburg.gov","executive","Department of the Treasury","No","No"
"evergladesrestoration.gov","http://evergladesrestoration.gov","executive","Department of the Interior","No","No"
"everykidinapark.gov","https://everykidinapark.gov","executive","General Services Administration","No","Yes"
"execsec.gov","http://www.execsec.gov","executive","Department of Agriculture","No","No"
"export.gov","https://www.export.gov","executive","Department of Commerce","No","Yes"
"eyenote.gov","http://eyenote.gov","executive","Department of the Treasury","No","No"
"faa.gov","http://www.faa.gov","executive","Department of Transportation","No","Yes"
"faasafety.gov","https://www.faasafety.gov","executive","Department of Transportation","No","No"
"facadatabase.gov","http://facadatabase.gov","executive","General Services Administration","No","Yes"
"fafsa.gov","https://fafsa.gov","executive","Department of Education","No","No"
"fai.gov","https://www.fai.gov","executive","General Services Administration","No","Yes"
"fan.gov","https://www.fan.gov","executive","Department of State","No","No"
"fapiis.gov","https://www.fapiis.gov","executive","General Services Administration","No","Yes"
"fara.gov","https://www.fara.gov","executive","Department of Justice","No","Yes"
"farmerclaims.gov","https://www.farmerclaims.gov","executive","Department of Agriculture","No","No"
"fatherhood.gov","https://www.fatherhood.gov","executive","Department of Health And Human Services","No","No"
"fbi.gov","https://www.fbi.gov","executive","Department of Justice","No","No"
"fbiic.gov","https://www.fbiic.gov","executive","Federal Reserve System","No","No"
"fbijobs.gov","https://fbijobs.gov","executive","Department of Justice","No","No"
"fbo.gov","https://www.fbo.gov","executive","General Services Administration","No","Yes"
"fca.gov","http://fca.gov","executive","Farm Credit Administration","No","No"
"fcc.gov","https://www.fcc.gov","executive","Federal Communications Commission","No","No"
"fcg.gov","https://www.fcg.gov","executive","Department of the Interior","No","No"
"fcsic.gov","http://fcsic.gov","executive","Farm Credit Administration","No","No"
"fda.gov","http://www.fda.gov","executive","Department of Health And Human Services","No","Yes"
"fdic.gov","https://fdic.gov","executive","Federal Deposit Insurance Corporation","No","No"
"fdicconnect.gov","http://www.fdicconnect.gov","executive","Federal Deposit Insurance Corporation","No","No"
"fdicig.gov","https://www.fdicig.gov","executive","Federal Deposit Insurance Corporation","No","No"
"fdicseguro.gov","https://fdicseguro.gov","executive","Federal Deposit Insurance Corporation","No","No"
"fea.gov","http://www.fea.gov","executive","Denali Commission","No","Yes"
"feb.gov","https://feb.gov","executive","Office of Personnel Management","No","Yes"
"fec.gov","http://fec.gov","executive","Federal Elections Commission","No","Yes"
"fedcenter.gov","https://www.fedcenter.gov","executive","Environmental Protection Agency","No","Yes"
"federalinvestments.gov","http://federalinvestments.gov","executive","Department of the Treasury","No","Yes"
"federalreserve.gov","http://www.federalreserve.gov","executive","Federal Reserve System","No","No"
"federalreserveconsumerhelp.gov","http://federalreserveconsumerhelp.gov","executive","Federal Reserve System","No","No"
"fedidcard.gov","http://fedidcard.gov","executive","General Services Administration","No","Yes"
"fedinvest.gov","http://fedinvest.gov","executive","Department of the Treasury","No","Yes"
"fedpartnership.gov","http://fedpartnership.gov","executive","Federal Reserve System","No","No"
"fedramp.gov","https://www.fedramp.gov","executive","General Services Administration","No","Yes"
"fedshirevets.gov","https://fedshirevets.gov","executive","Office of Personnel Management","No","Yes"
"feedthefuture.gov","https://feedthefuture.gov","executive","U.S. Agency for International Development","No","Yes"
"fema.gov","https://www.fema.gov","executive","Department of Homeland Security","No","Yes"
"femalefarmerclaims.gov","https://www.femalefarmerclaims.gov","executive","Department of Agriculture","No","No"
"ferc.gov","https://www.ferc.gov","executive","Federal Energy Regulatory Commission","No","Yes"
"fercalt.gov","http://fercalt.gov","executive","Federal Energy Regulatory Commission","No","No"
"ffiec.gov","https://www.ffiec.gov","executive","Federal Reserve System","No","No"
"fgdc.gov","https://fgdc.gov","executive","Department of the Interior","No","No"
"fhfa.gov","http://www.fhfa.gov","executive","Federal Housing Finance Agency","No","No"
"fhfaoig.gov","https://www.fhfaoig.gov","executive","Federal Housing Finance Agency Office of Inspector General","No","No"
"fido.gov","http://fido.gov","executive","General Services Administration","No","Yes"
"financialresearch.gov","https://www.financialresearch.gov","executive","Department of the Treasury","No","Yes"
"fincen.gov","https://www.fincen.gov","executive","Department of the Treasury","No","No"
"findyouthinfo.gov","http://findyouthinfo.gov","executive","Department of Health And Human Services","No","No"
"firecode.gov","http://www.firecode.gov","executive","Department of the Interior","No","No"
"fireleadership.gov","http://www.fireleadership.gov","executive","Department of the Interior","No","No"
"firescience.gov","http://www.firescience.gov","executive","Department of the Interior","No","No"
"firstnet.gov","http://firstnet.gov","executive","Department of Commerce","No","No"
"firstrespondertraining.gov","https://www.firstrespondertraining.gov","executive","Department of Homeland Security","No","No"
"fiscalcommission.gov","https://www.fiscalcommission.gov","executive","Executive Office of the President","No","No"
"fishwatch.gov","http://www.fishwatch.gov","executive","Department of Commerce","No","Yes"
"fitness.gov","http://www.fitness.gov","executive","Department of Health And Human Services","No","Yes"
"fleta.gov","https://www.fleta.gov","executive","Department of Homeland Security","No","Yes"
"fletc.gov","https://www.fletc.gov","executive","Department of Homeland Security","No","No"
"flightschoolcandidates.gov","https://flightschoolcandidates.gov","executive","Department of Homeland Security","No","No"
"floodsmart.gov","https://www.floodsmart.gov","executive","Department of Homeland Security","No","Yes"
"flra.gov","https://www.flra.gov","executive","Federal Labor Relations Authority","No","Yes"
"flu.gov","http://www.flu.gov","executive","Department of Health And Human Services","No","Yes"
"fmc.gov","http://www.fmc.gov","executive","Federal Maritime Commission","No","No"
"fmcs.gov","https://fmcs.gov","executive","Federal Mediation and Conciliation Service","No","No"
"fmi.gov","https://fmi.gov","executive","General Services Administration","No","Yes"
"fmshrc.gov","http://fmshrc.gov","executive","Federal Mine Safety and Health Review Company","No","No"
"fnal.gov","http://fnal.gov","executive","Department of Energy","No","No"
"foia.gov","https://www.foia.gov","executive","Department of Justice","No","Yes"
"foodsafety.gov","https://www.foodsafety.gov","executive","Department of Health And Human Services","No","Yes"
"foodsafetyworkinggroup.gov","http://www.foodsafetyworkinggroup.gov","executive","Department of Agriculture","No","No"
"fordlibrarymuseum.gov","https://fordlibrarymuseum.gov","executive","National Archives and Records Administration","No","Yes"
"foreignassistance.gov","http://www.foreignassistance.gov","executive","Department of State","No","No"
"forestsandrangelands.gov","http://forestsandrangelands.gov","executive","Department of Agriculture","No","No"
"forfeiture.gov","http://www.forfeiture.gov","executive","Department of Justice","No","Yes"
"fpds.gov","https://fpds.gov","executive","General Services Administration","No","Yes"
"frpg.gov","https://www.frpg.gov","executive","General Services Administration","No","Yes"
"frtib.gov","https://www.frtib.gov","executive","Federal Retirement Thrift Investment Board","No","No"
"frtr.gov","https://frtr.gov","executive","Environmental Protection Agency","No","Yes"
"fs.fed.us","http://fs.fed.us","executive","Department of Agriculture","No","No"
"fsapubs.gov","https://fsapubs.gov","executive","Department of Education","No","Yes"
"fsd.gov","https://www.fsd.gov","executive","General Services Administration","No","Yes"
"fsgb.gov","https://www.fsgb.gov","executive","Department of State","No","No"
"fsrs.gov","https://fsrs.gov","executive","General Services Administration","No","Yes"
"ftc.gov","https://www.ftc.gov","executive","Federal Trade Commission","No","Yes"
"ftccomplaintassistant.gov","https://ftccomplaintassistant.gov","executive","Federal Trade Commission","No","Yes"
"ftcefile.gov","https://ftcefile.gov","executive","Federal Trade Commission","No","No"
"fttesttwai.gov","https://fttesttwai.gov","executive","Department of the Treasury","No","No"
"fueleconomy.gov","http://fueleconomy.gov","executive","Department of Energy","No","No"
"fvap.gov","https://www.fvap.gov","executive","Department of Defense","No","Yes"
"fws.gov","https://www.fws.gov","executive","Department of the Interior","No","Yes"
"g5.gov","https://www.g5.gov","executive","Department of Education","No","Yes"
"gcdamp.gov","http://www.gcdamp.gov","executive","Department of the Interior","No","No"
"gcmrc.gov","http://www.gcmrc.gov","executive","Department of the Interior","No","Yes"
"genome.gov","https://www.genome.gov","executive","Department of Health And Human Services","No","No"
"geocommunicator.gov","http://www.geocommunicator.gov","executive","Department of the Interior","No","No"
"geomac.gov","http://www.geomac.gov","executive","Department of the Interior","No","Yes"
"geoplatform.gov","https://www.geoplatform.gov","executive","Department of the Interior","No","No"
"getsmartaboutdrugs.gov","https://www.getsmartaboutdrugs.gov","executive","Department of Justice","No","No"
"ghi.gov","https://ghi.gov","executive","Department of State","No","Yes"
"ginniemae.gov","http://www.ginniemae.gov","executive","Department of Housing And Urban Development","No","Yes"
"girlshealth.gov","https://www.girlshealth.gov","executive","Department of Health And Human Services","No","Yes"
"globalchange.gov","http://www.globalchange.gov","executive","United Stated Global Change Research Program","No","Yes"
"globe.gov","http://www.globe.gov","executive","National Aeronautics and Space Administration","No","No"
"godirect.gov","https://www.godirect.gov","executive","Department of the Treasury","No","No"
"goes-r.gov","http://www.goes-r.gov","executive","Department of Commerce","No","Yes"
"govloans.gov","https://www.govloans.gov","executive","Department of Labor","No","Yes"
"govsales.gov","http://www.govsales.gov","executive","General Services Administration","No","Yes"
"gps.gov","http://www.gps.gov","executive","Department of Commerce","No","Yes"
"grants.gov","http://www.grants.gov","executive","Department of Health And Human Services","No","No"
"grantsolutions.gov","https://grantsolutions.gov","executive","Department of Health And Human Services","No","No"
"gsa.gov","http://www.gsa.gov","executive","General Services Administration","No","Yes"
"gsaadvantage.gov","https://gsaadvantage.gov","executive","General Services Administration","No","Yes"
"gsaauctions.gov","http://www.gsaauctions.gov","executive","General Services Administration","No","Yes"
"gsaig.gov","http://gsaig.gov","executive","General Services Administration","No","No"
"gsaxcess.gov","http://gsaxcess.gov","executive","General Services Administration","No","Yes"
"guideline.gov","https://guideline.gov","executive","Department of Health And Human Services","No","Yes"
"guidelines.gov","http://www.guidelines.gov","executive","Department of Health And Human Services","No","No"
"gwa.gov","https://www.gwa.gov","executive","Department of the Treasury","No","No"
"hanford.gov","http://www.hanford.gov","executive","Department of Energy","No","No"
"harp.gov","http://harp.gov","executive","Federal Housing Finance Agency","No","No"
"health.gov","https://health.gov","executive","Department of Health And Human Services","No","Yes"
"healthcare.gov","https://www.healthcare.gov","executive","Department of Health And Human Services","No","No"
"healthdata.gov","https://healthdata.gov","executive","Department of Health And Human Services","No","No"
"healthfinder.gov","https://healthfinder.gov","executive","Department of Health And Human Services","No","Yes"
"healthindicators.gov","http://www.healthindicators.gov","executive","Department of Health And Human Services","No","No"
"healthit.gov","https://www.healthit.gov","executive","Department of Health And Human Services","No","Yes"
"healthypeople.gov","https://www.healthypeople.gov","executive","Department of Health And Human Services","No","Yes"
"helpwithmybank.gov","https://www.helpwithmybank.gov","executive","Department of the Treasury","No","Yes"
"hhs.gov","http://www.hhs.gov","executive","Department of Health And Human Services","No","Yes"
"hispanicfarmerclaims.gov","https://www.hispanicfarmerclaims.gov","executive","Department of Agriculture","No","No"
"homesales.gov","http://homesales.gov","executive","Department of Housing And Urban Development","No","No"
"hrsa.gov","http://hrsa.gov","executive","Department of Health And Human Services","No","Yes"
"hru.gov","https://hru.gov","executive","Office of Personnel Management","No","Yes"
"hsa.gov","http://hsa.gov","executive","Small Business Administration","No","No"
"hud.gov","http://hud.gov","executive","Department of Housing And Urban Development","No","No"
"hudoig.gov","https://www.hudoig.gov","executive","Department of Housing And Urban Development","No","Yes"
"huduser.gov","https://www.huduser.gov","executive","Department of Housing And Urban Development","No","No"
"humanrights.gov","http://www.humanrights.gov","executive","Department of State","No","No"
"hydrogen.gov","http://hydrogen.gov","executive","Department of Energy","No","No"
"iab.gov","https://iab.gov","executive","Department of Energy","No","No"
"iad.gov","https://www.iad.gov","executive","Department of Defense","No","Yes"
"iaf.gov","http://iaf.gov","executive","Inter-American Foundation","No","No"
"iarpa-ideas.gov","http://iarpa-ideas.gov","executive","Director of National Intelligence","No","No"
"iarpa.gov","https://www.iarpa.gov","executive","Director of National Intelligence","No","No"
"iat.gov","https://www.iat.gov","executive","Department of the Interior","No","No"
"iawg.gov","http://iawg.gov","executive","Department of State","No","No"
"ibwc.gov","http://ibwc.gov","executive","Department of State","No","Yes"
"ic3.gov","https://www.ic3.gov","executive","Department of Justice","No","Yes"
"icass.gov","https://www.icass.gov","executive","Department of State","No","No"
"icbemp.gov","http://icbemp.gov","executive","Department of Agriculture","No","No"
"ice.gov","https://www.ice.gov","executive","Department of Homeland Security","No","Yes"
"ich.gov","http://ich.gov","executive","US Interagency Council on Homelessness","No","No"
"icjointduty.gov","https://www.icjointduty.gov","executive","Director of National Intelligence","No","No"
"identitytheft.gov","https://identitytheft.gov","executive","Federal Trade Commission","No","Yes"
"idmanagement.gov","http://idmanagement.gov","executive","General Services Administration","No","Yes"
"ignet.gov","https://www.ignet.gov","executive","Council of Inspector General on Integrity and Efficiency","No","No"
"ihs.gov","https://www.ihs.gov","executive","Department of Health And Human Services","No","Yes"
"iiog.gov","http://iiog.gov","executive","Department of Agriculture","No","No"
"imls.gov","https://imls.gov","executive","Institute of Museum and Library Services","No","No"
"indianaffairs.gov","http://indianaffairs.gov","executive","Department of the Interior","No","Yes"
"inl.gov","https://www.inl.gov","executive","Department of Energy","No","No"
"insurekidsnow.gov","https://www.insurekidsnow.gov","executive","Department of Health And Human Services","No","Yes"
"integrity.gov","https://www.integrity.gov","executive","Office of Government Ethics","No","No"
"intelink.gov","http://www.intelink.gov","executive","Director of National Intelligence","No","No"
"intelligencecareers.gov","https://www.intelligencecareers.gov","executive","National Security Agency","No","No"
"invasivespecies.gov","http://invasivespecies.gov","executive","Department of the Interior","No","No"
"invasivespeciesinfo.gov","https://www.invasivespeciesinfo.gov","executive","Department of Agriculture","No","Yes"
"investor.gov","https://investor.gov","executive","Securities and Exchange Commission","No","No"
"ipac.gov","https://www.ipac.gov","executive","Department of the Treasury","No","No"
"ipcc-wg2.gov","http://ipcc-wg2.gov","executive","United Stated Global Change Research Program","No","No"
"ipp.gov","http://www.ipp.gov","executive","Department of the Treasury","No","No"
"iprcenter.gov","https://www.iprcenter.gov","executive","Department of Justice","No","No"
"irs.gov","https://www.irs.gov","executive","Department of the Treasury","No","Yes"
"irsvideos.gov","http://www.irsvideos.gov","executive","Department of the Treasury","No","No"
"ise.gov","http://www.ise.gov","executive","Director of National Intelligence","No","No"
"isotope.gov","https://isotope.gov","executive","Department of Energy","No","No"
"isotopes.gov","https://isotopes.gov","executive","Department of Energy","No","No"
"itap.gov","http://www.itap.gov","executive","Department of Agriculture","No","Yes"
"itdashboard.gov","http://itdashboard.gov","executive","Executive Office of the President","No","Yes"
"itis.gov","https://www.itis.gov","executive","Smithsonian Institution","No","Yes"
"its.gov","https://www.its.gov","executive","Department of the Treasury","No","No"
"jamesmadison.gov","http://www.jamesmadison.gov","executive","James Madison Memorial Fellowship Foundation","No","No"
"jccs.gov","http://www.jccs.gov","executive","Department of Defense","No","No"
"jem.gov","https://jem.gov","executive","Department of the Interior","No","No"
"jimmycarterlibrary.gov","http://jimmycarterlibrary.gov","executive","National Archives and Records Administration","No","Yes"
"jobcorps.gov","http://www.jobcorps.gov","executive","Department of Labor","No","No"
"justice.gov","https://www.justice.gov","executive","Department of Justice","No","Yes"
"justthinktwice.gov","https://www.justthinktwice.gov","executive","Department of Justice","No","No"
"juvenilecouncil.gov","http://juvenilecouncil.gov","executive","Department of Justice","No","Yes"
"jwod.gov","http://jwod.gov","executive","Comm for People Who Are Blind/Severly Disabled","No","No"
"klamathrestoration.gov","https://klamathrestoration.gov","executive","Department of the Interior","No","No"
"lacoast.gov","http://www.lacoast.gov","executive","Department of the Interior","No","No"
"landfire.gov","http://landfire.gov","executive","Department of the Interior","No","Yes"
"landimaging.gov","http://www.landimaging.gov","executive","Department of the Interior","No","Yes"
"lanl.gov","http://lanl.gov","executive","Department of Energy","No","No"
"latinofarmerclaims.gov","https://www.latinofarmerclaims.gov","executive","Department of Agriculture","No","No"
"lbl.gov","http://www.lbl.gov","executive","Department of Energy","No","No"
"lca.gov","https://lca.gov","executive","Department of the Interior","No","No"
"lcacommons.gov","https://www.lcacommons.gov","executive","Department of Agriculture","No","Yes"
"lcrmscp.gov","http://www.lcrmscp.gov","executive","Department of the Interior","No","No"
"learnatf.gov","https://www.learnatf.gov","executive","Department of Justice","No","No"
"learndoj.gov","https://www.learndoj.gov","executive","Department of Justice","No","No"
"lep.gov","https://www.lep.gov","executive","Department of Justice","No","Yes"
"letgirlslearn.gov","https://letgirlslearn.gov","executive","U.S. Agency for International Development","No","No"
"letsmove.gov","http://www.letsmove.gov","executive","Executive Office of the President","No","Yes"
"llnl.gov","https://www.llnl.gov","executive","Department of Energy","No","No"
"lmrcouncil.gov","https://lmrcouncil.gov","executive","Office of Personnel Management","No","Yes"
"lmvsci.gov","https://lmvsci.gov","executive","Department of the Interior","No","No"
"locatorplus.gov","http://locatorplus.gov","executive","Department of Health And Human Services","No","No"
"longtermcare.gov","http://longtermcare.gov","executive","Department of Health And Human Services","No","No"
"lps.gov","http://www.lps.gov","executive","National Security Agency","No","No"
"lsc.gov","http://lsc.gov","executive","Legal Services Corporation","No","No"
"macpac.gov","https://www.macpac.gov","executive","Medicaid and CHIP Payment and Access Commission","No","No"
"makinghomeaffordable.gov","http://www.makinghomeaffordable.gov","executive","Department of the Treasury","No","No"
"malwareinvestigator.gov","http://www.malwareinvestigator.gov","executive","Department of Justice","No","No"
"manufacturing.gov","https://www.manufacturing.gov","executive","Department of Commerce","No","Yes"
"marine.gov","http://www.marine.gov","executive","Department of the Interior","No","No"
"marinecadastre.gov","http://marinecadastre.gov","executive","Department of Commerce","No","Yes"
"max.gov","http://www.max.gov","executive","Executive Office of the President","No","No"
"mbda.gov","http://www.mbda.gov","executive","Department of Commerce","No","No"
"mcc.gov","https://mcc.gov","executive","Millennium Challenge Corporation","No","Yes"
"mda.gov","http://mda.gov","executive","Department of Transportation","No","No"
"medalofvalor.gov","https://www.medalofvalor.gov","executive","Department of Justice","No","No"
"medicaid.gov","https://www.medicaid.gov","executive","Department of Health And Human Services","No","No"
"medicalcountermeasures.gov","https://www.medicalcountermeasures.gov","executive","Department of Health And Human Services","No","Yes"
"medicalreservecorps.gov","http://www.medicalreservecorps.gov","executive","Department of Health And Human Services","No","No"
"medicare.gov","https://www.medicare.gov","executive","Department of Health And Human Services","No","No"
"medlineplus.gov","https://medlineplus.gov","executive","Department of Health And Human Services","No","Yes"
"medpac.gov","http://medpac.gov","executive","Medical Payment Advisory Commission","No","No"
"mentalhealth.gov","https://www.mentalhealth.gov","executive","Department of Health And Human Services","No","Yes"
"mgi.gov","https://www.mgi.gov","executive","Department of Commerce","No","Yes"
"mitigationcommission.gov","http://www.mitigationcommission.gov","executive","Department of the Interior","No","No"
"mmc.gov","https://www.mmc.gov","executive","Marine Mammal Commission","No","No"
"mojavedata.gov","https://mojavedata.gov","executive","Department of Defense","No","Yes"
"moneyfactory.gov","http://moneyfactory.gov","executive","Department of the Treasury","No","Yes"
"moneyfactorystore.gov","http://www.moneyfactorystore.gov","executive","Department of the Treasury","No","Yes"
"mrlc.gov","http://www.mrlc.gov","executive","Department of the Interior","No","Yes"
"msha.gov","https://www.msha.gov","executive","Department of Labor","No","No"
"mspb.gov","http://www.mspb.gov","executive","Merit Systems Protection Board","No","No"
"mtbs.gov","http://mtbs.gov","executive","Department of Agriculture","No","No"
"mycreditunion.gov","http://www.mycreditunion.gov","executive","National Credit Union Administration","No","No"
"myfdicinsurance.gov","https://myfdicinsurance.gov","executive","Federal Deposit Insurance Corporation","No","No"
"myira.gov","https://www.myira.gov","executive","Department of the Treasury","No","Yes"
"mymedicare.gov","https://www.mymedicare.gov","executive","Department of Health And Human Services","No","No"
"mymoney.gov","http://www.mymoney.gov","executive","Department of the Treasury","No","Yes"
"myra.gov","https://myra.gov","executive","Department of the Treasury","No","Yes"
"nafri.gov","http://nafri.gov","executive","Department of Agriculture","No","No"
"nagb.gov","https://nagb.gov","executive","Department of Education","No","Yes"
"nano.gov","http://www.nano.gov","executive","National Nanotechnology Coordination Office","No","No"
"nasa.gov","http://www.nasa.gov","executive","National Aeronautics and Space Administration","No","Yes"
"nationalgangcenter.gov","https://www.nationalgangcenter.gov","executive","Department of Justice","No","Yes"
"nationalhousing.gov","http://nationalhousing.gov","executive","Department of Housing And Urban Development","No","No"
"nationalhousinglocator.gov","http://nationalhousinglocator.gov","executive","Department of Housing And Urban Development","No","No"
"nationalmap.gov","http://nationalmap.gov","executive","Department of the Interior","No","Yes"
"nationalresourcedirectory.gov","http://nationalresourcedirectory.gov","executive","Department of Defense","No","No"
"nationalservice.gov","http://www.nationalservice.gov","executive","Corporation for National & Community Service","No","No"
"nationsreportcard.gov","http://nationsreportcard.gov","executive","Department of Education","No","Yes"
"nativeonestop.gov","https://www.nativeonestop.gov","executive","Department of the Interior","No","No"
"nbc.gov","https://www.nbc.gov","executive","Department of the Interior","No","No"
"nbrc.gov","http://www.nbrc.gov","executive","General Services Administration","No","Yes"
"nccrc.gov","http://www.nccrc.gov","executive","Department of Energy","No","No"
"nccs.gov","https://nccs.gov","executive","Department of Energy","No","No"
"ncd.gov","http://ncd.gov","executive","National Council on Disability","No","No"
"ncirc.gov","https://ncirc.gov","executive","Department of Justice","No","Yes"
"ncjrs.gov","https://www.ncjrs.gov","executive","Department of Justice","No","Yes"
"ncpc.gov","https://www.ncpc.gov","executive","National Capital Planning Commission","No","No"
"ncpw.gov","https://www.ncpw.gov","executive","Federal Trade Commission","No","Yes"
"ncrc.gov","https://www.ncrc.gov","executive","Department of Energy","No","No"
"ncsc.gov","https://www.ncsc.gov","executive","Director of National Intelligence","No","No"
"nctc.gov","https://www.nctc.gov","executive","Central Intelligence Agency","No","No"
"ncua.gov","https://www.ncua.gov","executive","National Credit Union Administration","No","No"
"neglecteddiseases.gov","https://www.neglecteddiseases.gov","executive","U.S. Agency for International Development","No","No"
"neh.gov","https://www.neh.gov","executive","National Endowment for the Humanities","No","No"
"nehrp.gov","http://nehrp.gov","executive","Department of Commerce","No","Yes"
"nel.gov","http://www.nel.gov","executive","Department of Agriculture","No","No"
"nemi.gov","http://www.nemi.gov","executive","Department of the Interior","No","No"
"nersc.gov","http://www.nersc.gov","executive","Department of Energy","No","No"
"nfpors.gov","https://nfpors.gov","executive","Department of the Interior","No","No"
"nga.gov","http://www.nga.gov","executive","National Gallery of Art","No","No"
"ngc.gov","http://www.ngc.gov","executive","Department of Health And Human Services","No","No"
"nhl.gov","http://nhl.gov","executive","Department of Housing And Urban Development","No","No"
"nhtsa.gov","http://www.nhtsa.gov","executive","Department of Transportation","No","Yes"
"nicic.gov","http://nicic.gov","executive","Department of Justice","No","Yes"
"nicsezcheckfbi.gov","http://www.nicsezcheckfbi.gov","executive","Department of Justice","No","Yes"
"niem.gov","https://www.niem.gov","executive","Department of Justice","No","Yes"
"nifc.gov","http://www.nifc.gov","executive","Department of the Interior","No","No"
"nigc.gov","http://www.nigc.gov","executive","National Indian Gaming Commission","No","No"
"nih.gov","https://www.nih.gov","executive","Department of Health And Human Services","No","Yes"
"nihseniorhealth.gov","https://nihseniorhealth.gov","executive","Department of Health And Human Services","No","Yes"
"nist.gov","https://www.nist.gov","executive","Department of Commerce","No","Yes"
"nitrd.gov","https://nitrd.gov","executive","Networking Information Technology Research and Development (NITRD)","No","No"
"nixonlibrary.gov","https://www.nixonlibrary.gov","executive","National Archives and Records Administration","No","Yes"
"nlrb.gov","https://www.nlrb.gov","executive","National Labor Relations Board","No","Yes"
"nls.gov","http://nls.gov","executive","Department of Housing And Urban Development","No","No"
"nmb.gov","http://www.nmb.gov","executive","National Mediation Board","No","No"
"nmsc.gov","http://www.nmsc.gov","executive","Department of Homeland Security","No","No"
"nnlm.gov","https://nnlm.gov","executive","Department of Health And Human Services","No","No"
"nnss.gov","http://nnss.gov","executive","National Nuclear Security Administration","No","No"
"noaa.gov","http://www.noaa.gov","executive","Department of Commerce","No","Yes"
"nolaenvironmental.gov","https://www.nolaenvironmental.gov","executive","Department of the Interior","No","No"
"nps.gov","https://www.nps.gov","executive","Department of the Interior","No","Yes"
"nrc.gov","http://www.nrc.gov","executive","Nuclear Regulatory Commission","No","Yes"
"nrd.gov","http://nrd.gov","executive","Department of Defense","No","No"
"nrel.gov","http://www.nrel.gov","executive","Department of Energy","No","No"
"nro.gov","http://nro.gov","executive","Department of Defense","No","Yes"
"nrojr.gov","http://nrojr.gov","executive","Department of Defense","No","Yes"
"nsa.gov","https://www.nsa.gov","executive","Department of Defense","No","No"
"nsep.gov","https://nsep.gov","executive","Department of Defense","No","No"
"nsf.gov","https://nsf.gov","executive","National Science Foundation","No","Yes"
"nsopw.gov","https://www.nsopw.gov","executive","Department of Justice","No","Yes"
"ntis.gov","https://www.ntis.gov","executive","Department of Commerce","No","Yes"
"ntrc.gov","http://www.ntrc.gov","executive","Department of Energy","No","No"
"ntsb.gov","http://www.ntsb.gov","executive","National Transportation Safety Board","No","No"
"nutrition.gov","http://www.nutrition.gov","executive","Department of Agriculture","No","Yes"
"nwbc.gov","https://www.nwbc.gov","executive","Small Business Administration","No","Yes"
"nwcg.gov","http://www.nwcg.gov","executive","Department of Agriculture","No","No"
"nwtrb.gov","http://nwtrb.gov","executive","Department of Energy","No","No"
"occ.gov","https://occ.gov","executive","Department of the Treasury","No","Yes"
"odni.gov","https://www.odni.gov","executive","Director of National Intelligence","No","No"
"oea.gov","http://oea.gov","executive","Department of Defense","No","Yes"
"ofcm.gov","http://www.ofcm.gov","executive","Department of Commerce","No","No"
"ofda.gov","https://www.ofda.gov","executive","U.S. Agency for International Development","No","No"
"oge.gov","https://oge.gov","executive","United States Office of Government Ethics","No","No"
"ojjdp.gov","https://www.ojjdp.gov","executive","Department of Justice","No","Yes"
"onhir.gov","http://onhir.gov","executive","Department of the Interior","No","No"
"onlinewbc.gov","http://onlinewbc.gov","executive","Small Business Administration","No","No"
"onrr.gov","http://onrr.gov","executive","Department of the Interior","No","No"
"opensource.gov","https://www.opensource.gov","executive","Central Intelligence Agency","No","No"
"opic.gov","https://www.opic.gov","executive","Overseas Private Investment Corporation","No","No"
"opm.gov","https://www.opm.gov","executive","Office of Personnel Management","No","Yes"
"orau.gov","http://www.orau.gov","executive","Department of Energy","No","No"
"organdonor.gov","http://www.organdonor.gov","executive","Department of Health And Human Services","No","Yes"
"ornl.gov","https://ornl.gov","executive","Department of Energy","No","No"
"osac.gov","https://www.osac.gov","executive","Department of State","No","Yes"
"osc.gov","https://osc.gov","executive","U. S. Office of Special Counsel","No","No"
"osha.gov","https://osha.gov","executive","Department of Labor","No","Yes"
"oshrc.gov","http://oshrc.gov","executive","Occupational Safety & Health Review Commission","No","No"
"osmre.gov","http://www.osmre.gov","executive","Department of the Interior","No","Yes"
"osti.gov","https://osti.gov","executive","Department of Energy","No","No"
"ots.gov","http://ots.gov","executive","Department of the Treasury","No","Yes"
"ourdocuments.gov","https://ourdocuments.gov","executive","National Archives and Records Administration","No","Yes"
"ovc.gov","http://ovc.gov","executive","Department of Justice","No","Yes"
"ovcttac.gov","https://www.ovcttac.gov","executive","Department of Justice","No","Yes"
"papahanaumokuakea.gov","http://www.papahanaumokuakea.gov","executive","Department of Commerce","No","Yes"
"partner4solutions.gov","https://www.partner4solutions.gov","executive","General Services Administration","No","Yes"
"patriotbonds.gov","http://patriotbonds.gov","executive","Department of the Treasury","No","Yes"
"pay.gov","https://pay.gov","executive","Department of the Treasury","No","No"
"paymentaccuracy.gov","http://paymentaccuracy.gov","executive","Executive Office of the President","No","No"
"pbgc.gov","http://pbgc.gov","executive","Pension Benefit Guaranty Corporation","No","Yes"
"pcah.gov","http://pcah.gov","executive","National Endowment for the Humanities","No","No"
"pclob.gov","https://pclob.gov","executive","General Services Administration","No","Yes"
"peacecorps.gov","https://www.peacecorps.gov","executive","U. S. Peace Corps","No","Yes"
"performance.gov","https://www.performance.gov","executive","General Services Administration","No","Yes"
"phe.gov","http://www.phe.gov","executive","Department of Health And Human Services","No","No"
"pic.gov","http://pic.gov","executive","General Services Administration","No","Yes"
"plainlanguage.gov","http://www.plainlanguage.gov","executive","Department of Transportation","No","Yes"
"pmf.gov","https://pmf.gov","executive","Office of Personnel Management","No","Yes"
"pmi.gov","https://www.pmi.gov","executive","U.S. Agency for International Development","No","Yes"
"pnl.gov","http://pnl.gov","executive","Department of Energy","No","No"
"pnnl.gov","http://pnnl.gov","executive","Department of Energy","No","No"
"poolsafely.gov","http://www.poolsafely.gov","executive","Consumer Product Safety Commission","No","Yes"
"ppirs.gov","https://www.ppirs.gov","executive","General Services Administration","No","Yes"
"pppl.gov","http://www.pppl.gov","executive","National Science Foundation","No","Yes"
"prc.gov","http://www.prc.gov","executive","Postal Rate Commission","No","No"
"preserveamerica.gov","http://preserveamerica.gov","executive","Advisory Council on Historic Preservation","No","No"
"presidentialinnovationfellows.gov","https://presidentialinnovationfellows.gov","executive","General Services Administration","No","Yes"
"presidentialserviceawards.gov","https://www.presidentialserviceawards.gov","executive","Corporation for National & Community Service","No","No"
"presidio.gov","http://www.presidio.gov","executive","Executive Office of the President","No","No"
"pretrialservices.gov","http://pretrialservices.gov","executive","Court Services and Offender Supervision","No","No"
"privacyshield.gov","https://www.privacyshield.gov","executive","Department of Commerce","No","Yes"
"protecciondelconsumidor.gov","https://www.protecciondelconsumidor.gov","executive","Federal Trade Commission","No","Yes"
"psa.gov","http://psa.gov","executive","Court Services and Offender Supervision","No","No"
"psc.gov","http://www.psc.gov","executive","Department of Health And Human Services","No","No"
"pscr.gov","http://pscr.gov","executive","Department of Commerce","No","Yes"
"psob.gov","https://www.psob.gov","executive","Department of Justice","No","Yes"
"qart.gov","https://www.qart.gov","executive","Director of National Intelligence","No","No"
"qatesttwai.gov","https://qatesttwai.gov","executive","Department of the Treasury","No","No"
"rcfl.gov","https://www.rcfl.gov","executive","Department of Justice","No","No"
"ready.gov","https://www.ready.gov","executive","Department of Homeland Security","No","No"
"reaganlibrary.gov","https://reaganlibrary.gov","executive","National Archives and Records Administration","No","No"
"realestatesales.gov","http://realestatesales.gov","executive","General Services Administration","No","Yes"
"realpropertyprofile.gov","https://www.realpropertyprofile.gov","executive","General Services Administration","No","Yes"
"recalls.gov","http://www.recalls.gov","executive","Consumer Product Safety Commission","No","Yes"
"recoverymonth.gov","https://recoverymonth.gov","executive","Department of Health And Human Services","No","No"
"recreation.gov","http://www.recreation.gov","executive","Department of Agriculture","No","No"
"reginfo.gov","http://reginfo.gov","executive","General Services Administration","No","Yes"
"regulations.gov","https://www.regulations.gov","executive","Environmental Protection Agency","No","Yes"
"relocatefeds.gov","https://relocatefeds.gov","executive","Environmental Protection Agency","No","Yes"
"reo.gov","http://reo.gov","executive","Department of Agriculture","No","No"
"research.gov","http://www.research.gov","executive","National Science Foundation","No","No"
"restorethegulf.gov","https://restorethegulf.gov","executive","Gulf Coast Ecosystem Restoration Council (GCERC)","No","No"
"rivers.gov","https://rivers.gov","executive","Department of the Interior","No","Yes"
"robodeidentidad.gov","https://robodeidentidad.gov","executive","Federal Trade Commission","No","Yes"
"rocis.gov","http://rocis.gov","executive","General Services Administration","No","Yes"
"rrb.gov","https://www.rrb.gov","executive","Railroad Retirement Board","No","Yes"
"sac.gov","https://sac.gov","executive","National Science Foundation","No","No"
"safecom.gov","https://www.safecom.gov","executive","Department of the Interior","No","No"
"safeocs.gov","https://www.safeocs.gov","executive","Department of Transportation","No","No"
"safercar.gov","http://www.safercar.gov","executive","Department of Transportation","No","Yes"
"saferproduct.gov","http://www.saferproduct.gov","executive","Consumer Product Safety Commission","No","No"
"saferproducts.gov","http://www.saferproducts.gov","executive","Consumer Product Safety Commission","No","No"
"safertruck.gov","http://www.safertruck.gov","executive","Department of Transportation","No","Yes"
"safetyact.gov","http://safetyact.gov","executive","Department of Homeland Security","No","No"
"salmonrecovery.gov","https://www.salmonrecovery.gov","executive","Department of Energy","No","No"
"sam.gov","https://www.sam.gov","executive","General Services Administration","No","Yes"
"samhsa.gov","http://www.samhsa.gov","executive","Department of Health And Human Services","No","No"
"sandia.gov","http://www.sandia.gov","executive","Department of Energy","No","No"
"savingsbond.gov","http://savingsbond.gov","executive","Department of the Treasury","No","Yes"
"savingsbonds.gov","http://savingsbonds.gov","executive","Department of the Treasury","No","Yes"
"savingsbondwizard.gov","http://savingsbondwizard.gov","executive","Department of the Treasury","No","Yes"
"sba.gov","https://www.sba.gov","executive","Small Business Administration","No","Yes"
"sbir.gov","https://www.sbir.gov","executive","Small Business Administration","No","No"
"sbst.gov","https://sbst.gov","executive","General Services Administration","No","Yes"
"scidac.gov","http://www.scidac.gov","executive","Department of Energy","No","No"
"science.gov","http://science.gov","executive","Department of Energy","No","No"
"science360.gov","https://www.science360.gov","executive","National Science Foundation","No","No"
"sciencebase.gov","https://www.sciencebase.gov","executive","Department of the Interior","No","Yes"
"sdr.gov","http://www.sdr.gov","executive","Department of Commerce","No","Yes"
"sec.gov","https://www.sec.gov","executive","Securities and Exchange Commission","No","No"
"secretservice.gov","http://www.secretservice.gov","executive","Department of Homeland Security","No","No"
"section508.gov","https://section508.gov","executive","General Services Administration","No","Yes"
"segurosocial.gov","https://www.segurosocial.gov","executive","Social Security Administration","No","No"
"selectagents.gov","http://www.selectagents.gov","executive","Department of Health And Human Services","No","No"
"selectusa.gov","https://www.selectusa.gov","executive","Department of Commerce","No","Yes"
"serve.gov","http://www.serve.gov","executive","Corporation for National & Community Service","No","No"
"sftool.gov","http://sftool.gov","executive","General Services Administration","No","Yes"
"sierrawild.gov","http://sierrawild.gov","executive","Department of the Interior","No","No"
"sigtarp.gov","https://www.sigtarp.gov","executive","Department of the Treasury","No","Yes"
"siteidiq.gov","https://www.siteidiq.gov","executive","Department of Defense","No","No"
"sji.gov","http://www.sji.gov","executive","Department of State","No","No"
"slgs.gov","http://slgs.gov","executive","Department of the Treasury","No","Yes"
"smartcheck.gov","http://smartcheck.gov","executive","Commodity Futures Trading Commission","No","No"
"smartgrid.gov","https://www.smartgrid.gov","executive","Department of Energy","No","No"
"smokefree.gov","https://smokefree.gov","executive","Department of Health And Human Services","No","Yes"
"snap.gov","http://snap.gov","executive","Department of the Interior","No","No"
"sns.gov","http://sns.gov","executive","Department of Energy","No","No"
"solardecathlon.gov","http://www.solardecathlon.gov","executive","Department of Energy","No","No"
"srs.gov","http://www.srs.gov","executive","Department of Energy","No","No"
"ssa.gov","https://www.ssa.gov","executive","Social Security Administration","No","Yes"
"ssab.gov","http://ssab.gov","executive","Social Security Advisory Board","No","No"
"sss.gov","https://www.sss.gov","executive","Selective Service System","No","No"
"state.gov","http://www.state.gov","executive","Department of State","No","Yes"
"stateoig.gov","http://www.stateoig.gov","executive","Department of State OIG","No","No"
"stb.gov","http://www.stb.gov","executive","Surface Transportation Board (STB)","No","No"
"stopalcoholabuse.gov","https://stopalcoholabuse.gov","executive","Department of Health And Human Services","No","No"
"stopbullying.gov","https://www.stopbullying.gov","executive","Department of Health And Human Services","No","Yes"
"stopfakes.gov","https://www.stopfakes.gov","executive","Department of Commerce","No","Yes"
"stopfraud.gov","https://www.stopfraud.gov","executive","Department of Justice","No","Yes"
"stopmedicarefraud.gov","https://www.stopmedicarefraud.gov","executive","Department of Health And Human Services","No","Yes"
"strategicsourcing.gov","https://strategicsourcing.gov","executive","General Services Administration","No","Yes"
"studentloans.gov","https://www.studentloans.gov","executive","Department of Education","No","Yes"
"supportthevoter.gov","https://www.supportthevoter.gov","executive","General Services Administration","No","Yes"
"surgeongeneral.gov","http://www.surgeongeneral.gov","executive","Department of Health And Human Services","No","Yes"
"sustainability.gov","https://sustainability.gov","executive","Environmental Protection Agency","No","Yes"
"sustainablecommunities.gov","https://www.sustainablecommunities.gov","executive","Department of Transportation","No","Yes"
"swpa.gov","http://swpa.gov","executive","Department of Energy","No","No"
"symbols.gov","https://symbols.gov","executive","Department of Agriculture","No","No"
"taaps.gov","http://taaps.gov","executive","Department of the Treasury","No","Yes"
"tax.gov","http://www.tax.gov","executive","Department of the Treasury","No","No"
"telework.gov","https://telework.gov","executive","Office of Personnel Management","No","Yes"
"thecoolspot.gov","http://thecoolspot.gov","executive","Department of Health And Human Services","No","No"
"time.gov","http://time.gov","executive","Department of Commerce","No","No"
"trade.gov","http://trade.gov","executive","Department of Commerce","No","Yes"
"trafficsafetymarketing.gov","https://www.trafficsafetymarketing.gov","executive","Department of Transportation","No","No"
"transportation.gov","https://www.transportation.gov","executive","Department of Transportation","No","Yes"
"treaslockbox.gov","https://www.treaslockbox.gov","executive","Department of the Treasury","No","No"
"treasury.gov","https://www.treasury.gov","executive","Department of the Treasury","No","Yes"
"treasuryauctions.gov","http://treasuryauctions.gov","executive","Department of the Treasury","No","Yes"
"treasurydirect.gov","http://treasurydirect.gov","executive","Department of the Treasury","No","Yes"
"treasuryhunt.gov","http://treasuryhunt.gov","executive","Department of the Treasury","No","Yes"
"treasuryscams.gov","http://treasuryscams.gov","executive","Department of the Treasury","No","Yes"
"truman.gov","http://truman.gov","executive","Harry S. Truman Scholarship Foundation","No","No"
"tsa.gov","https://www.tsa.gov","executive","Department of Homeland Security","No","Yes"
"tsp.gov","https://www.tsp.gov","executive","Federal Retirement Thrift Investment Board","No","No"
"tsunami.gov","http://tsunami.gov","executive","Department of Commerce","No","Yes"
"tswg.gov","http://tswg.gov","executive","Department of Defense","No","No"
"ttb.gov","https://ttb.gov","executive","Department of the Treasury","No","Yes"
"ttbonline.gov","https://ttbonline.gov","executive","Department of the Treasury","No","No"
"tva.gov","https://www.tva.gov","executive","Tennessee Valley Authority","No","No"
"tvaoig.gov","http://tvaoig.gov","executive","Tennessee Valley Authority","No","No"
"udall.gov","http://udall.gov","executive","Morris K. Udall Foundation","No","No"
"unicor.gov","https://www.unicor.gov","executive","Department of Justice","No","Yes"
"unlocktalent.gov","https://unlocktalent.gov","executive","Office of Personnel Management","No","Yes"
"us-cert.gov","https://www.us-cert.gov","executive","Department of Homeland Security","No","Yes"
"usa.gov","https://www.usa.gov","executive","General Services Administration","No","Yes"
"usability.gov","https://www.usability.gov","executive","Department of Health And Human Services","No","Yes"
"usadf.gov","http://www.usadf.gov","executive","African Development Foundation","No","No"
"usaid.gov","https://www.usaid.gov","executive","U.S. Agency for International Development","No","Yes"
"usajobs.gov","https://www.usajobs.gov","executive","Office of Personnel Management","No","Yes"
"usalearning.gov","https://usalearning.gov","executive","Office of Personnel Management","No","Yes"
"usandc.gov","http://www.usandc.gov","executive","Department of Defense","No","Yes"
"usap.gov","https://usap.gov","executive","National Science Foundation","No","No"
"usaseanconnect.gov","https://www.usaseanconnect.gov","executive","Department of State","No","No"
"usaspending.gov","https://www.usaspending.gov","executive","Department of the Treasury","No","Yes"
"usastaffing.gov","https://www.usastaffing.gov","executive","Office of Personnel Management","No","No"
"usbg.gov","https://www.usbg.gov","executive","Architect of the Capitol","No","No"
"usbr.gov","http://www.usbr.gov","executive","Department of the Interior","No","Yes"
"uscapital.gov","http://www.uscapital.gov","executive","Architect of the Capitol","No","No"
"uscapitol.gov","http://www.uscapitol.gov","executive","Architect of the Capitol","No","No"
"usccr.gov","http://usccr.gov","executive","U.S. Commission on Civil Rights","No","No"
"uscirf.gov","http://www.uscirf.gov","executive","General Services Administration","No","Yes"
"uscis.gov","https://www.uscis.gov","executive","Department of Homeland Security","No","Yes"
"uscurrency.gov","https://uscurrency.gov","executive","Federal Reserve System","No","No"
"usda.gov","http://www.usda.gov","executive","Department of Agriculture","No","Yes"
"usdebitcard.gov","http://usdebitcard.gov","executive","Department of the Treasury","No","No"
"usds.gov","https://www.usds.gov","executive","Executive Office of the President","No","No"
"usembassy-mexico.gov","http://www.usembassy-mexico.gov","executive","Department of State","No","No"
"usembassy.gov","https://www.usembassy.gov","executive","Department of State","No","Yes"
"usgs.gov","https://www.usgs.gov","executive","Department of the Interior","No","Yes"
"usich.gov","https://www.usich.gov","executive","US Interagency Council on Homelessness","No","No"
"usitc.gov","https://usitc.gov","executive","U. S. International Trade Commission","No","Yes"
"usmarshals.gov","https://www.usmarshals.gov","executive","Department of Justice","No","Yes"
"usmint.gov","https://www.usmint.gov","executive","Department of the Treasury","No","Yes"
"usphs.gov","http://usphs.gov","executive","Department of Health And Human Services","No","No"
"uspis.gov","http://www.uspis.gov","executive","U. S. Postal Service","No","No"
"uspsoig.gov","https://uspsoig.gov","executive","U.S. Postal Service, Office of Inspector General","No","No"
"uspto.gov","https://www.uspto.gov","executive","Department of Commerce","No","Yes"
"ussm.gov","https://www.ussm.gov","executive","General Services Administration","No","Yes"
"ustda.gov","https://www.ustda.gov","executive","U.S. Trade and Development Agency","No","Yes"
"ustr.gov","http://ustr.gov","executive","Executive Office of the President","No","No"
"utahfireinfo.gov","http://www.utahfireinfo.gov","executive","Department of the Interior","No","No"
"va.gov","http://va.gov","executive","Department of Veterans Affairs","No","Yes"
"vaccines.gov","http://www.vaccines.gov","executive","Department of Health And Human Services","No","Yes"
"vcf.gov","https://www.vcf.gov","executive","Department of Justice","No","Yes"
"vef.gov","http://vef.gov","executive","General Services Administration","No","Yes"
"vehiclehistory.gov","https://www.vehiclehistory.gov","executive","Department of Justice","No","Yes"
"vetbiz.gov","http://www.vetbiz.gov","executive","Department of Veterans Affairs","No","Yes"
"veterans.gov","http://veterans.gov","executive","Department of Labor","No","Yes"
"vets.gov","https://www.vets.gov","executive","Department of Veterans Affairs","No","Yes"
"visitthecapitol.gov","https://www.visitthecapitol.gov","executive","Architect of the Capitol","No","No"
"vistacampus.gov","https://www.vistacampus.gov","executive","Corporation for National & Community Service","No","No"
"volunteer.gov","https://www.volunteer.gov","executive","Department of the Interior","No","Yes"
"volunteeringinamerica.gov","https://www.volunteeringinamerica.gov","executive","Corporation for National & Community Service","No","No"
"vote.gov","https://vote.gov","executive","General Services Administration","No","Yes"
"wapa.gov","https://www.wapa.gov","executive","Department of Energy","No","No"
"watermonitor.gov","http://watermonitor.gov","executive","Department of the Interior","No","No"
"wdol.gov","http://wdol.gov","executive","Department of Commerce","No","No"
"weather.gov","http://www.weather.gov","executive","Department of Commerce","No","Yes"
"webharvest.gov","https://webharvest.gov","executive","National Archives and Records Administration","No","No"
"whistleblower.gov","https://whistleblower.gov","executive","Commodity Futures Trading Commission","No","No"
"whistleblowers.gov","http://whistleblowers.gov","executive","Department of Labor","No","Yes"
"whitehouse.gov","https://www.whitehouse.gov","executive","Executive Office of the President","No","Yes"
"whitehouseconferenceonaging.gov","https://whitehouseconferenceonaging.gov","executive","Department of Health And Human Services","No","No"
"wildfire.gov","http://www.wildfire.gov","executive","Department of Agriculture","No","No"
"wildlifeadaptationstrategy.gov","https://www.wildlifeadaptationstrategy.gov","executive","Department of the Interior","No","No"
"wizard.gov","http://wizard.gov","executive","Department of the Treasury","No","Yes"
"wlci.gov","https://www.wlci.gov","executive","Department of the Interior","No","Yes"
"womenfarmerclaims.gov","https://www.womenfarmerclaims.gov","executive","Department of Agriculture","No","No"
"womenshealth.gov","https://www.womenshealth.gov","executive","Department of Health And Human Services","No","Yes"
"wrp.gov","https://www.wrp.gov","executive","Department of Labor","No","Yes"
"youth.gov","http://youth.gov","executive","Department of Health And Human Services","No","No"
"youthgo.gov","https://youthgo.gov","executive","Department of the Interior","No","No"
"youthrules.gov","http://www.youthrules.gov","executive","Department of Labor","No","Yes"
